DBA Panel	DBAarmB	Sada pro DBA	AJS103 8/4	AJS103 3KM osazeno 2KM	AJS103MB	AJS103 12 OUT	DYNACAM 4.0	AJS103 / Plnička V3.0	HotBlot Regulace	HotBlot Chassis	DBH SENSOR bubble	DBH-Main (Drawer)	MIRC V1.0	USB mini 	Battery	Čidlo ODS	Uni čidlo B	Uni čidlo C	Filtr DBH/DBA	Deska topení	TS-100 TMP čidlo kulaté	TMP V1.0 teploměr hranatý	Čidlo kývání DBH/DBA 04-03-15	GT135	AJS135 IOPNP	Elisa čidla	ELISA panel	Motor Filtr	Fotometr Main	Fotometr Karusel	Fotometr Tx LED	Fotometr USB	DBA regulátor KL03	DBA MainBoard	DBA čidlo Z 04-01-37-A	DBA čidlo X 04-02-18	DBA čidlo krytu 04-02-37	DBA čidlo Y 04-01-68	DBA čidlo kyv 04-01-55	DBA redukce 04-02-32-01	DBA budič LED1 04-01-80A	DBA budič LED2 04-01-81A	DBA Tx hladiny	DBA Rx hladiny 04-07-02-05	DBA LED 1 delší	DBA LED 2 kratší	DBA USB	Dynacam Kontaktní deska	Dyna MIRC V2.0	Dynacam LED deska	Promyvačka Control (brake) board	Filtr DBH/DBA	Čidlo kývání DBH/DBA 04-03-15	DynaCam Optočidlo 10-002-15	Plnička redukce	BARC redukce	DynaThaw MB	DynaThaw panel	DBA4 MAIN board	DBA4 ARMBoard	DBA4 TRAY board	DBA4 Sensor board	DBA4 Home Z 07-302	DBA4 LED1 / 07-462	DBA4 LED2 matice/ 07-463	Zapalování	DBA4 LED terčik	Filtr DBH/DBA
0	200	0	0	0	0	0	0	0	276	92	90	92	100	105	100	100	100	170	100	310	230	550	100	0	0	0	0	3000	60	60	480	60	20	200	300	500	500	500	500	300	300	300	400	544	300	300	500	0	0	0	0	0	500	0	0	150	0	0	100	100	100	100	200	165	165	0	990	544
100000																																							2
100090
100100
100200
100300
100301
100400
100500										1																																		1
100600										1												1																						1
100700																				5		11																	7				1																										5
100800										18	8			4	1		6	3																			38	1	27					10																									3	9	2
100900																																			96
101000																																						2
101100																																																																		0	9	1
101200										5	1				2				4	7		16							4					6					6																							4																4
101300																																		22
101400
101401																																							1
101500																				52		62									1	1							83				6																							3	15	7	8
101600										139	39						13	27	4		16		2			1	1	1					1							22				88	1	1	1	1	1					5					2		4		1	1			5		29	41	13	38	1			9
101700																																		62	23
101800
101900										5	3			2	1		2	2		4		2															13		3					2																									2	4	1
101950																																																																												1
102000
102100										14	2									12	2	7														6	20		15					12																										15
102200										18																					1	1					11														6	6								18
102300																			1	1		1																																															5			3
102301
102400																																																																				3
102500															3																																																			2				12
102600										15	7				2		2	3	3	2	2	6														1	11		4	12			2	5										3													22		12		4	3				4
102700																			4	1		1														1	11
102800																																		1
102901										16	2		1	2	4	1				7	3	11	1																10	5				14															1								6	4	9	12	5	23				2
103000
103100										8	1					1					1	5												4										7
103200																																		9
103300																																				1
103400										10	3		1	1		1	2	2		5		4															13		4					7																							2		3	3	1	1
103500
103600																			1																																										1
103650																																																																												2
103700
103800										4	3				3		3	3	2			2	1														2		1	1			1	1															1		2						3		7	10	1	1
103900										1												1																						1
104000										1												1																						1																							1
104050																																																																												5
104100										29	5		13	1		13	2	3		18		5															38		7					24																									15	4	3					3
104101
104200																																																																					1
104300													1			1			1																		1																																1
104400																																				1
104500																																				4
104600															1
104700															1				1		8																																																			8
104800															1
104801
104820																																																																				8
104850																																							13
104870																																																																													1
104900																							1																																				1
105000															2																						1																																	1
105100										1	1
105200															1		4		5			2															1		1	1																											6
105300										1			1	1	1	1	1	1		1		1															1		1					1																								1	1	1	1	1				1
105400
105500										1		1					1	1																			1					1		1													1												1
105600
105700
105800										1										1		1															1							1
105900															1
105901																								1																																											1
106000															1
106100															1
106150																																																																			2
106155																																																																						5
106200										1	1		4		1	12	1		2	2		2															1			8																													7	1		9
106300																	1		2
106400										7				2			2		3	7		11							1								10		2					6																	1	1							1	1	1							1
106500										3			2		1																					1	3							3
106590																																																																						1
106600										11	10			1		2		3																									1	1																							3			4
106700										1																																		1
106800										1				1																													1							1
106850																																																																					3		1	3
106900										5										2							1																	3		1	1																						6		1
107000																																				1	1
107100
107200										2	1																																1	1
107300															1
107350																																																																						2				1	1
107400										1	1																									2																														2		1		1
107500																						1
107600													4
107700																																																													1
107800													2																								3
107900													24
108000
10850
108100
108200																																				1
108300																																				1
108400
108500
108550
108600																																																																						0
108700
108800
108900
109000
109100
109200
109240																																																																								1
109250																																																																								1
109300													1
109400
109500
109600																																						1
109601																																																													2
109602																																																																	1
109603																																																													2
109650
109700																						1																																													1
109800																	2	2		6	1	2	1	1		1		1								10	10		1			1																	1					1
109900												2																									1		1	1															1	1
109910																																							1																												1	1
110000										1																																		1
110100
110200										1								1																			1							1																					1
110300
110400													1	1		1	1	1																																											1								1	1	1	1
110500										1										1		1															1		1					1
110501																																																																			3
110550																																																																							1
110572																																																																				1
110600
110601
110700																																					2
110800																			1	1		1																	2	1
110900										10	1		1	1	3	1	5	5	3	10	1	11															13		13	2				9																						1	6		5		2
111000															1		1	1																					1																												1
111100
111200																			1	1		1
111300
111400															1
111500																																						2
111600
111700																				13		25															13		8																														1	2		1				2
111800
111900										1																																		1
112000																																					1
112050																																																																								1
112099																																																																			4
112100																			2			2																					1																												1
112200
112300										3	1																		2																																	2							1	1								2
112305
112307
112309
112308																																																																						6
112310																																																													1
112400																																					1
112401																																								1
112500
112600																				1
112700																	1	1	1	2		3																	2	1																													1
112800										1												1																						1
112850																																																																												1
112900
113000										4	3				2		3	3	1	2																1	1		1					1																						0	7		7	3
113100																					2																																																			2
113200																			2			2																					1																											1	1	1
113201																																																																			4
113202																																																																			2									1
113250																																																																												1
113300										1					1		1		1			1															2			8				1																							3		1
113400
113450
113475
113500										1												1																						1
113600
113601
113602
113700
113800										5	4		2	3	3			2		1																7	3			1				1
113900																																																																			4	1
114000												9			1			1																																										4
114100										2												1																						2
114200
114300										16	4			4			2	4		6		8															14		4					12																									2	6	2	8
114400																			2			2
114500										2	2																										6
114510																																																																						6
114520																						4
114530
114540																																																																						0
114550
114700
114800															1
114900																					2																																																	3	2	2
115000
115100																						17																	3																												2
115200										3					2		2	2																			3							3																									3
115300										6																																									3	3
115400										2																																											2
115500																	2																				3																							6							1
115600										2			2			4			2	1		2														1	2		14				1	2																				1
115700
115800
115900										24	5		8		14		4	12		9	9	1				1	1	1					1	10		17	24		5	1				13	1	1	1	1	1												1		1						5	12	3	2	1			5
116000																		1																12
116100																																				1,00																									1,00
116200
116300																																		4
116310
116400										10	4				4		2	3	3	9																	32							6																								4								3
116450
116500																																																																		1
116600																																																																		0			21	16	3	13
116700										45	6		5	3		15			4	16	4	14														7	14			12				37										2
116800												1																						12	1																					1
116900
116910																																							1
117000																																																																			20
117100										2	1				6		6	13																		2	4		5					1																									4
117150																																																																			1
117200										6			8					4				2															10							6																												4
117300
117400																																																																						12
117500																																					2
117600																																																																		2
117700										28	13			3			4	5		8	9													14		8	38		7				1	15																					1				9	5	3					3
117800																																		47	3
117900																																		8
118000
118100																																					1			1																														0
118200																																																																						0
118300
118400										1	1																																																										1			1
118500																															4	4																																			11	4
118600										65	17		19	11	5	19	2	6	2	25		25	1													3	57		14	2			1	48															1										10	9	1	25
118700																																		2
118800																																								1																														3
118900										1																										1								1
119000										1	1																							9
119100
119200										5	3			3			1	1		3		2														2	20		2					2																									1	5	1
119300																																		1
119400										10	1							2				10																	1	1				9																									7		1	4
119500										1																																		1																											1
119504
119507
119600										1												2																	2					1
119700																																																																		1	18
119800										4	3				3		4	9	4	2		5												1		4	3			8			2	1																									8	4	1	3				8
119900
120000
120100
120200
120300
120400
120500
120600
120700
120800										1												1																						1
120900																			1	1		1
121000
121010																																							39
121100																																					3
121200																																																																			1
121300										1					9		1	1		1																	3							1																									1	2
121400																						4																	1
121500																			1	1
121600
121700										6																																									3	3								6
121800										1																											1							1
121900														2
122000																																					3
122100																																					9
122200
122300										1																																												1
122400										1																											1							1
122500																																					1
122600															2
122700
122800														2
122801
122890																																																																			2									1
122895
122900										1					1		1	1		1		1															2		1					1																							1		1	1
123000																						1																	1																												1
123100										1																											1							1
123200										6																1	1	1					1				4								1	1	1	1	1														1										1
123300
123400										4								1				4																						4																												4
123500										5	3			2			1	1		3		2															10		2					2																									1	3	1
123600										1	1
123700																																					1
123701																																							1
123702
123800																																				1
123900																																					3
123901
123902																																							7
124000																																					1		1
124010
124100																					1																																																			2
124200										7																											4							1							3	3								6
124300															1
124400										1					1																						1							1
124410																																																																		1
124500																																					1
124501																																							1																														1
124502																																								1
124510																																																																								1
124600																			1	1		1
124700																																											1																										1
124701										1	1									1																			1																													1
124800										2											1	1																						1										1							1										1	1				1
124801
124900										2												1																						2
125000										1	1				1		1	1																			3		1																												1		1	1
125100															1
125110																																								1
125115																																																																						6
125120																																		2					1
125200										1					1		1	1				1															1		1					1																							1		1							2
125300													1	1		1
125400																																		6			4
125500																			1	1	1	1																		1																															1	1
125501																																							1																														1	1
125600
125700																							1																	1																			1
125800										6			4					3		3		2															5		1					6																									3
125900										2			1			3				1																	2							2
126000										1																											1							1
126100										1	1
126200
126300										1																											1							1
126390																																											1																									1
126400																			1		1																			1																															1	2				1
126500
126600																				1
126601
126700															1		1	1																			1																														1		1	1
126800																																					1
126900																						1																	1
127050
127000										1																																		1
127100																																				1
127190																																																													1
127200																																				4
127250																															1	1				3																																2
127252																																																																				0
127300																																				3
127400																																				1			1																									1
127410																					8
127500										2									2																																	2																							2
127501																					4																																															2				8				8
127600															1					1																	1		1																												1
127605																																																													1
127607																																																																				1
127610																									1
127611																																																																			1
127620																																							1
127700																																																																						1
127800															1
